id,first_name,last_name,email,gender,ip_address
1,Stanly,Zoren,szoren0@salon.com,Male,74.212.255.39
2,Robbie,Jeyness,rjeyness1@gnu.org,Female,53.209.34.255
3,Patrice,Haughan,phaughan2@wiley.com,Female,142.201.122.36
4,Devin,Hugnot,dhugnot3@ovh.net,Male,211.137.21.114
5,Meagan,MacAscaidh,mmacascaidh4@blogger.com,Female,70.116.111.112
6,Kelley,Sweetmore,ksweetmore5@facebook.com,Female,156.201.45.240
7,Roxine,Carnihan,rcarnihan6@wsj.com,Female,16.235.64.250
8,Kelcey,Syers,ksyers7@ifeng.com,Female,129.235.166.7
9,Dorris,Anthoine,danthoine8@squidoo.com,Female,186.141.153.61
10,Kylie,Jollye,kjollye9@jigsy.com,Male,26.201.5.205
11,Grantley,Rathborne,grathbornea@globo.com,Male,241.18.121.86
12,Marijn,Guerreru,mguerrerub@forbes.com,Male,43.63.57.252
13,Read,Varey,rvareyc@techcrunch.com,Male,98.64.45.38
14,Konrad,Esler,keslerd@seesaa.net,Male,165.161.121.192
15,Kinnie,McCooke,kmccookee@nifty.com,Male,193.21.213.135
16,Christen,Illing,cillingf@bluehost.com,Female,5.142.135.231
17,Bernardina,Twiddy,btwiddyg@sbwire.com,Female,33.225.85.112
18,Amil,Garrud,agarrudh@storify.com,Female,236.61.23.249
19,Abbey,Crips,acripsi@fotki.com,Female,39.77.42.158
20,Alex,Gorrick,agorrickj@163.com,Male,252.172.108.201
21,Virgilio,Grimble,vgrimblek@symantec.com,Male,122.70.11.82
22,Simone,Willbourne,swillbournel@dot.gov,Male,1.204.252.62
23,Peggie,MacDougall,pmacdougallm@diigo.com,Female,132.243.32.135
24,Suellen,Durak,sdurakn@cam.ac.uk,Female,2.231.20.27
25,Cariotta,Bertson,cbertsono@youtube.com,Female,54.118.67.30
26,Alric,Hasloch,ahaslochp@tinypic.com,Male,187.197.185.110
27,Gino,Catmull,gcatmullq@telegraph.co.uk,Male,120.152.71.42
28,Bartram,Porte,bporter@nsw.gov.au,Male,33.90.198.21
29,Laural,Pattlel,lpattlels@harvard.edu,Female,114.170.236.62
30,Jerrilee,Casper,jcaspert@edublogs.org,Female,191.44.27.185
31,Erinna,Springett,espringettu@sphinn.com,Female,26.43.184.81
32,Cristin,Bassano,cbassanov@thetimes.co.uk,Female,125.150.163.246
33,Sallyann,Maciocia,smaciociaw@slideshare.net,Female,3.50.125.93
34,Elyse,Ramsell,eramsellx@booking.com,Female,64.52.76.15
35,Goober,Domange,gdomangey@amazon.com,Male,226.81.44.154
36,Vaughn,Briiginshaw,vbriiginshawz@biglobe.ne.jp,Male,226.204.205.51
37,Larine,Baly,lbaly10@hhs.gov,Female,183.103.173.114
38,Berkie,Riddington,briddington11@nymag.com,Male,92.152.83.131
39,Erminia,Gossan,egossan12@ask.com,Female,78.130.51.163
40,Frayda,Darwin,fdarwin13@imdb.com,Female,247.139.123.209
41,Tracey,Curme,tcurme14@spiegel.de,Female,159.25.136.106
42,Ewan,Grayshon,egrayshon15@google.de,Male,41.74.124.61
43,Chrisy,Brookwood,cbrookwood16@ucla.edu,Male,254.54.232.19
44,Legra,Altimas,laltimas17@unblog.fr,Female,251.89.153.25
45,Emmott,Boothe,eboothe18@youtube.com,Male,75.202.124.195
46,Erick,Latek,elatek19@constantcontact.com,Male,163.60.209.29
47,Kandace,Brellin,kbrellin1a@macromedia.com,Female,23.48.128.204
48,Reba,Bratchell,rbratchell1b@elegantthemes.com,Female,46.69.73.224
49,Avery,Kohter,akohter1c@deviantart.com,Male,155.0.236.80
50,Coreen,Ockenden,cockenden1d@tamu.edu,Female,183.133.26.169
51,Cristy,Harker,charker1e@nasa.gov,Female,24.18.81.233
52,Randolph,Nance,rnance1f@amazon.co.uk,Male,234.251.90.107
53,Gladys,Hane,ghane1g@yahoo.co.jp,Female,194.207.62.235
54,Tann,Kelwick,tkelwick1h@etsy.com,Male,192.160.159.146
55,Earlie,Gregan,egregan1i@mysql.com,Male,1.236.44.66
56,Hyman,Rosson,hrosson1j@zimbio.com,Male,77.242.204.157
57,Gordie,Morch,gmorch1k@apache.org,Male,11.233.11.20
58,Jakob,Ruselin,jruselin1l@sogou.com,Male,203.243.193.223
59,Dot,Cardall,dcardall1m@github.io,Female,170.7.184.133
60,Heinrik,Hallen,hhallen1n@indiatimes.com,Male,113.245.187.46
61,Blakelee,Cadwell,bcadwell1o@wisc.edu,Female,50.240.255.36
62,Joete,McGonnell,jmcgonnell1p@purevolume.com,Female,145.45.228.92
63,Burty,Blackaller,bblackaller1q@blog.com,Male,224.211.142.7
64,Spense,Costan,scostan1r@dailymotion.com,Male,49.177.44.51
65,Karrah,Iozefovich,kiozefovich1s@51.la,Female,217.189.46.208
66,Mercy,Josephi,mjosephi1t@samsung.com,Female,181.238.239.251
67,Clement,Sharplin,csharplin1u@google.co.uk,Male,157.249.178.231
68,Avram,McDonough,amcdonough1v@addthis.com,Male,4.103.253.198
69,Miriam,Willbraham,mwillbraham1w@gmpg.org,Female,92.69.106.130
70,Orlando,Fayre,ofayre1x@dedecms.com,Male,92.197.38.134
71,Nestor,Chinnock,nchinnock1y@g.co,Male,186.243.116.47
72,Justen,Dent,jdent1z@icq.com,Male,91.231.226.42
73,Lexine,O'Kennavain,lokennavain20@ehow.com,Female,61.238.53.33
74,Tobit,Bridgwater,tbridgwater21@yale.edu,Male,26.189.35.152
75,Findley,Wolfendale,fwolfendale22@fc2.com,Male,67.192.24.14
76,Gifford,Lauxmann,glauxmann23@statcounter.com,Male,24.193.65.177
77,Germaine,Cordie,gcordie24@ebay.com,Male,147.93.139.198
78,Fabian,Salvador,fsalvador25@quantcast.com,Male,76.173.90.210
79,Cary,Flowerdew,cflowerdew26@ed.gov,Female,140.191.249.219
80,Flynn,Collins,fcollins27@shop-pro.jp,Male,168.127.63.21
81,Dena,Rowatt,drowatt28@ebay.co.uk,Female,33.15.31.116
82,Skip,Froude,sfroude29@privacy.gov.au,Male,63.134.205.102
83,Manny,Metson,mmetson2a@google.com.hk,Male,7.10.150.87
84,Levi,Floch,lfloch2b@illinois.edu,Male,61.152.44.78
85,Almira,Slimming,aslimming2c@indiatimes.com,Female,223.132.179.116
86,Richie,O'Currine,rocurrine2d@ask.com,Male,146.38.137.94
87,Berne,Davern,bdavern2e@tiny.cc,Male,57.40.49.100
88,Bengt,Heinle,bheinle2f@jigsy.com,Male,227.202.137.113
89,Jewell,Rikkard,jrikkard2g@photobucket.com,Female,139.38.226.156
90,Gwenora,Lanney,glanney2h@over-blog.com,Female,119.38.189.153
91,Lauryn,Lynnitt,llynnitt2i@diigo.com,Female,20.135.69.223
92,Frieda,Fairy,ffairy2j@purevolume.com,Female,4.175.253.97
93,Carlyle,Kollasch,ckollasch2k@webnode.com,Male,144.197.147.170
94,Norri,Halle,nhalle2l@reddit.com,Female,150.178.63.99
95,Harvey,Pepis,hpepis2m@amazon.co.uk,Male,105.75.181.37
96,Shauna,Gockelen,sgockelen2n@e-recht24.de,Female,134.171.79.228
97,Bea,Simioni,bsimioni2o@wiley.com,Female,22.190.87.139
98,Clem,McGerraghty,cmcgerraghty2p@multiply.com,Female,106.133.141.170
99,Ahmed,Leahair,aleahair2q@washington.edu,Male,99.55.131.54
100,Archer,Gingedale,agingedale2r@oakley.com,Male,144.82.49.217
101,Ermin,MacCardle,emaccardle2s@odnoklassniki.ru,Male,208.77.140.174
102,Rafe,Scudamore,rscudamore2t@sun.com,Male,104.160.127.4
103,Yorker,Horbath,yhorbath2u@salon.com,Male,158.150.119.231
104,Hymie,Dominetti,hdominetti2v@addthis.com,Male,173.22.216.39
105,Cosmo,Bysh,cbysh2w@businessinsider.com,Male,84.244.106.229
106,Venita,Ferran,vferran2x@dmoz.org,Female,249.6.224.254
107,Erwin,Breston,ebreston2y@admin.ch,Male,126.170.151.71
108,Pincas,Blaksley,pblaksley2z@webeden.co.uk,Male,136.52.76.7
109,Candis,Massinger,cmassinger30@gmpg.org,Female,73.145.142.219
110,Valry,Scurrer,vscurrer31@webeden.co.uk,Female,115.117.4.23
111,Svend,Colkett,scolkett32@mozilla.com,Male,249.126.200.232
112,Natividad,Robbie,nrobbie33@discovery.com,Female,105.116.232.215
113,Elton,Fawloe,efawloe34@geocities.com,Male,245.26.209.51
114,Hayden,Salzburger,hsalzburger35@youtu.be,Male,24.135.136.250
115,Dollie,Huetson,dhuetson36@si.edu,Female,153.233.75.233
116,Domenico,Logsdail,dlogsdail37@shinystat.com,Male,52.246.124.98
117,Dar,Crolla,dcrolla38@cbc.ca,Male,111.52.22.234
118,Griswold,Cosford,gcosford39@myspace.com,Male,227.176.62.82
119,Shawn,Daysh,sdaysh3a@sun.com,Female,81.32.75.197
120,Lotta,Costard,lcostard3b@usnews.com,Female,66.91.109.155
121,Livvyy,Farncomb,lfarncomb3c@sciencedirect.com,Female,52.186.64.197
122,Chelsey,Ions,cions3d@odnoklassniki.ru,Female,13.136.211.192
123,Harmonia,Sherme,hsherme3e@sun.com,Female,160.54.252.97
124,Linc,McRinn,lmcrinn3f@yahoo.co.jp,Male,102.117.94.246
125,Hanny,Goaley,hgoaley3g@state.gov,Female,9.37.212.39
126,Avery,Fawdrie,afawdrie3h@hao123.com,Male,249.123.199.212
127,Findley,Hanretty,fhanretty3i@intel.com,Male,24.103.63.42
128,Cash,Garmon,cgarmon3j@ca.gov,Male,142.44.138.96
129,Tonye,Cowup,tcowup3k@dagondesign.com,Female,140.26.133.218
130,Torre,Aleshkov,taleshkov3l@tmall.com,Male,41.183.102.126
131,Allison,Perceval,aperceval3m@google.nl,Female,138.105.93.27
132,Adah,Eggins,aeggins3n@cafepress.com,Female,207.120.166.168
133,Colin,Williams,cwilliams3o@umn.edu,Male,204.162.81.25
134,Ursala,Dhillon,udhillon3p@amazon.com,Female,199.253.64.145
135,Kenneth,Gascoyne,kgascoyne3q@scientificamerican.com,Male,42.156.110.101
136,Hewe,Hussy,hhussy3r@usa.gov,Male,184.6.23.117
137,Lindsay,Boorer,lboorer3s@trellian.com,Male,45.210.101.235
138,Patience,Meads,pmeads3t@japanpost.jp,Female,101.137.81.36
139,Winifield,Beales,wbeales3u@mozilla.com,Male,132.150.240.67
140,Clint,Sheldrake,csheldrake3v@mozilla.org,Male,74.241.142.202
141,Aloin,Hengoed,ahengoed3w@answers.com,Male,31.171.235.93
142,Hervey,Ghidetti,hghidetti3x@canalblog.com,Male,185.139.176.106
143,Reynolds,Swettenham,rswettenham3y@ocn.ne.jp,Male,185.102.81.129
144,Ardra,Oldacres,aoldacres3z@si.edu,Female,195.65.104.111
145,Wenda,Hort,whort40@tinyurl.com,Female,34.84.222.182
146,Ulrica,Cardall,ucardall41@vistaprint.com,Female,192.90.68.220
147,Giacomo,Liebrecht,gliebrecht42@irs.gov,Male,111.48.21.196
148,Pincus,Wadly,pwadly43@china.com.cn,Male,79.37.87.254
149,Broddie,Deevey,bdeevey44@techcrunch.com,Male,103.137.226.88
150,Randi,Eve,reve45@woothemes.com,Male,80.192.155.236
151,Honey,Walcar,hwalcar46@time.com,Female,36.218.86.112
152,Zaneta,Fawltey,zfawltey47@tamu.edu,Female,60.109.110.111
153,Nicolas,Teenan,nteenan48@com.com,Male,241.181.208.249
154,Reynold,Soppeth,rsoppeth49@cloudflare.com,Male,176.95.109.17
155,Violette,Chelley,vchelley4a@washington.edu,Female,153.129.217.38
156,Myrna,Gini,mgini4b@w3.org,Female,179.69.147.95
157,Konstantin,Aubert,kaubert4c@etsy.com,Male,91.48.235.243
158,Reidar,Nurse,rnurse4d@wordpress.com,Male,110.86.140.149
159,Ninnetta,Humburton,nhumburton4e@china.com.cn,Female,157.100.33.48
160,Inessa,Haville,ihaville4f@wiley.com,Female,246.116.128.47
161,Keslie,Baddeley,kbaddeley4g@is.gd,Female,149.2.122.207
162,Cosetta,Fibbens,cfibbens4h@ucla.edu,Female,183.155.246.95
163,Bevin,Heddy,bheddy4i@twitter.com,Male,10.188.177.220
164,Maressa,Cabrales,mcabrales4j@bluehost.com,Female,90.43.97.53
165,Domenico,Iwanicki,diwanicki4k@nymag.com,Male,149.43.200.121
166,Karilynn,Pestridge,kpestridge4l@csmonitor.com,Female,200.177.39.62
167,Lorrayne,Drinkel,ldrinkel4m@blinklist.com,Female,241.29.199.242
168,Lisle,Grumley,lgrumley4n@amazon.co.jp,Male,153.97.93.131
169,Sibley,Tiebe,stiebe4o@techcrunch.com,Female,195.75.54.184
170,Eleanora,Brader,ebrader4p@friendfeed.com,Female,31.11.95.140
171,Fitz,Godridge,fgodridge4q@ustream.tv,Male,6.12.165.206
172,Algernon,McMenamie,amcmenamie4r@google.nl,Male,34.83.224.214
173,Moshe,Scoble,mscoble4s@nih.gov,Male,182.110.12.98
174,Finlay,Janjic,fjanjic4t@simplemachines.org,Male,250.60.24.69
175,Adelina,D'Agostino,adagostino4u@ucsd.edu,Female,57.165.16.20
176,Tova,Lockey,tlockey4v@flavors.me,Female,167.18.97.215
177,Tybi,Aberkirdo,taberkirdo4w@dedecms.com,Female,247.223.106.63
178,Bendicty,Bagg,bbagg4x@google.co.jp,Male,216.125.28.96
179,Jillayne,Skitterel,jskitterel4y@unicef.org,Female,143.187.173.108
180,Reggie,Willeman,rwilleman4z@addtoany.com,Female,152.20.15.65
181,Mycah,Kubasek,mkubasek50@boston.com,Male,132.241.5.191
182,Ilka,Tilling,itilling51@freewebs.com,Female,94.145.76.112
183,Asher,Jobin,ajobin52@ucla.edu,Male,184.215.220.181
184,Tabbatha,Rowbottam,trowbottam53@booking.com,Female,132.243.191.134
185,Electra,Wardington,ewardington54@squarespace.com,Female,26.227.129.216
186,Giff,Issacov,gissacov55@chron.com,Male,180.149.2.161
187,Berk,Nys,bnys56@flickr.com,Male,182.84.202.224
188,Judah,Vyse,jvyse57@seesaa.net,Male,140.241.182.215
189,Janessa,Stubbe,jstubbe58@feedburner.com,Female,134.11.113.214
190,Garik,Hanaby,ghanaby59@nyu.edu,Male,67.230.162.77
191,Daryl,Annand,dannand5a@go.com,Female,192.254.73.117
192,Tarrance,Tease,ttease5b@hhs.gov,Male,54.74.213.88
193,Babette,Millgate,bmillgate5c@wordpress.org,Female,221.104.65.237
194,Krysta,Dockrell,kdockrell5d@github.com,Female,116.164.60.152
195,Alexis,Spittles,aspittles5e@pen.io,Male,238.158.118.167
196,Lonny,Craigg,lcraigg5f@rediff.com,Male,95.68.42.61
197,Launce,Roycroft,lroycroft5g@webeden.co.uk,Male,5.159.191.195
198,Rianon,Trevethan,rtrevethan5h@instagram.com,Female,243.219.98.70
199,Ethelred,Arton,earton5i@devhub.com,Male,192.39.57.74
200,Enrique,Pammenter,epammenter5j@unicef.org,Male,225.83.122.21
201,Lind,Strother,lstrother5k@hc360.com,Female,162.214.161.8
202,Quill,Rylance,qrylance5l@yahoo.com,Male,169.248.26.56
203,Ole,Sedgefield,osedgefield5m@mtv.com,Male,124.251.49.121
204,Cobbie,Fear,cfear5n@pbs.org,Male,110.238.82.218
205,Allard,Mattiato,amattiato5o@comcast.net,Male,145.246.73.83
206,Birdie,Medd,bmedd5p@yellowpages.com,Female,102.225.28.112
207,Alejandro,Apark,aapark5q@google.ca,Male,86.116.12.66
208,Joby,Kaesmans,jkaesmans5r@creativecommons.org,Female,65.215.175.180
209,Cairistiona,Birchett,cbirchett5s@imageshack.us,Female,73.223.181.34
210,Cecilio,Pridie,cpridie5t@earthlink.net,Male,68.18.139.207
211,Robbin,Merchant,rmerchant5u@soup.io,Female,99.109.11.167
212,Krystle,Jenks,kjenks5v@pagesperso-orange.fr,Female,125.217.36.192
213,Kissie,Koppe,kkoppe5w@cloudflare.com,Female,165.45.68.254
214,Tana,McNelis,tmcnelis5x@webnode.com,Female,235.183.182.11
215,Elisabet,Coorington,ecoorington5y@cargocollective.com,Female,155.225.208.132
216,Gregor,Niesel,gniesel5z@howstuffworks.com,Male,97.243.34.113
217,Luca,Middlewick,lmiddlewick60@wordpress.com,Male,213.220.28.252
218,Annnora,Kopta,akopta61@prnewswire.com,Female,5.52.247.154
219,Aveline,Cuthbert,acuthbert62@jimdo.com,Female,87.196.220.106
220,Brandyn,Edington,bedington63@redcross.org,Male,142.180.15.42
221,Ki,Lamswood,klamswood64@vk.com,Female,60.94.120.83
222,Noemi,Brann,nbrann65@globo.com,Female,17.74.135.77
223,Toinette,Keough,tkeough66@feedburner.com,Female,1.204.41.200
224,Bernie,Girodon,bgirodon67@slideshare.net,Male,144.60.18.163
225,Alvie,Bene,abene68@netvibes.com,Male,216.180.109.89
226,Cristi,Paddeley,cpaddeley69@independent.co.uk,Female,237.153.195.206
227,Corrie,Skune,cskune6a@google.co.uk,Male,173.199.36.129
228,Eziechiele,Petry,epetry6b@disqus.com,Male,205.87.165.187
229,Perren,Teas,pteas6c@timesonline.co.uk,Male,83.68.240.162
230,Ferrell,Tarzey,ftarzey6d@imageshack.us,Male,191.211.205.209
231,Neron,Rumke,nrumke6e@alexa.com,Male,76.38.233.42
232,Zak,Corona,zcorona6f@google.ca,Male,169.212.19.129
233,Maxy,Milbourn,mmilbourn6g@sakura.ne.jp,Female,251.249.79.153
234,Daryl,Vella,dvella6h@ucsd.edu,Female,214.120.125.61
235,Rosetta,Cutten,rcutten6i@amazon.com,Female,71.166.1.69
236,Dennie,Elward,delward6j@spiegel.de,Male,26.229.182.44
237,Franklin,Batalini,fbatalini6k@arizona.edu,Male,41.32.54.205
238,Dianne,Nayshe,dnayshe6l@alexa.com,Female,134.150.14.119
239,Sinclair,Webbe,swebbe6m@amazonaws.com,Male,217.204.46.197
240,Witty,Arkwright,warkwright6n@columbia.edu,Male,34.204.97.156
241,Lolita,Bompass,lbompass6o@si.edu,Female,118.99.120.237
242,Berni,Zima,bzima6p@ucla.edu,Female,92.194.180.173
243,Nomi,Jesty,njesty6q@hhs.gov,Female,254.208.102.150
244,Hedy,Edmeades,hedmeades6r@blogspot.com,Female,155.43.176.152
245,Camilla,Bloom,cbloom6s@amazon.de,Female,34.255.160.23
246,Boris,Bartosch,bbartosch6t@quantcast.com,Male,79.252.220.54
247,Jocelyne,Cade,jcade6u@reverbnation.com,Female,13.134.149.32
248,Bibi,Tomczynski,btomczynski6v@hugedomains.com,Female,79.181.196.23
249,Shurlock,Dawtrey,sdawtrey6w@go.com,Male,142.125.236.13
250,Averyl,Glennard,aglennard6x@lycos.com,Female,149.224.159.174
251,Moyna,Guys,mguys6y@va.gov,Female,196.152.195.249
252,Granger,Dawbery,gdawbery6z@facebook.com,Male,241.125.110.236
253,Myrtle,Giorgio,mgiorgio70@prlog.org,Female,78.147.186.173
254,Veronique,Valasek,vvalasek71@constantcontact.com,Female,101.111.217.95
255,Rem,MacGaughy,rmacgaughy72@fc2.com,Male,47.249.201.213
256,Karita,Tuvey,ktuvey73@dropbox.com,Female,165.126.17.186
257,Pierette,Barkhouse,pbarkhouse74@sina.com.cn,Female,32.168.214.91
258,Gerik,Gowans,ggowans75@godaddy.com,Male,104.183.38.68
259,Aron,Restall,arestall76@oracle.com,Male,114.86.217.171
260,Eulalie,Whiting,ewhiting77@purevolume.com,Female,117.124.74.76
261,Billie,Ellissen,bellissen78@addtoany.com,Male,81.17.182.121
262,Datha,Wylam,dwylam79@columbia.edu,Female,182.76.214.38
263,Jens,Tomankowski,jtomankowski7a@xing.com,Male,147.243.32.248
264,Obadiah,Head,ohead7b@multiply.com,Male,63.95.52.92
265,Delcine,McAnellye,dmcanellye7c@dailymail.co.uk,Female,93.144.55.122
266,Dyana,Watchorn,dwatchorn7d@toplist.cz,Female,211.230.33.132
267,Ingmar,Ruben,iruben7e@twitpic.com,Male,220.196.75.248
268,Joeann,Maccree,jmaccree7f@ox.ac.uk,Female,171.241.150.91
269,Beverlie,Mebius,bmebius7g@globo.com,Female,134.75.175.94
270,Inge,Fairpool,ifairpool7h@amazon.com,Female,61.182.170.39
271,Claribel,Dinkin,cdinkin7i@google.ca,Female,107.18.77.243
272,Gwyn,Bartholomaus,gbartholomaus7j@skyrock.com,Female,38.42.24.206
273,Sanderson,Triplet,striplet7k@google.fr,Male,252.74.203.128
274,Tommy,Palfery,tpalfery7l@statcounter.com,Female,78.213.19.215
275,Yoko,Gamell,ygamell7m@microsoft.com,Female,2.185.24.18
276,Emilie,Sibley,esibley7n@smh.com.au,Female,253.34.135.15
277,Fernando,Herrema,fherrema7o@spotify.com,Male,162.81.111.213
278,Marcellina,Terbrugge,mterbrugge7p@rediff.com,Female,36.95.48.93
279,Benton,Simoneton,bsimoneton7q@latimes.com,Male,236.175.246.2
280,Andres,Arno,aarno7r@furl.net,Male,38.51.6.230
281,Ginnifer,Crews,gcrews7s@admin.ch,Female,147.25.212.20
282,Hunter,Addicote,haddicote7t@patch.com,Male,2.101.194.247
283,Concordia,Strippel,cstrippel7u@diigo.com,Female,196.144.179.155
284,Karola,Bockh,kbockh7v@independent.co.uk,Female,177.242.253.160
285,Finn,Boulder,fboulder7w@wired.com,Male,125.222.100.70
286,Evita,Oran,eoran7x@census.gov,Female,21.45.178.230
287,Ram,Neathway,rneathway7y@oaic.gov.au,Male,10.2.241.87
288,Westbrooke,Morling,wmorling7z@ca.gov,Male,15.36.233.237
289,Waverly,Tortoishell,wtortoishell80@naver.com,Male,174.143.142.41
290,Patrice,Thorington,pthorington81@blogger.com,Female,179.110.104.238
291,Rossie,Drohan,rdrohan82@yelp.com,Male,210.225.160.196
292,Gayle,Timperley,gtimperley83@independent.co.uk,Male,90.105.166.207
293,Bea,Housley,bhousley84@thetimes.co.uk,Female,203.1.157.98
294,Taryn,Robertz,trobertz85@geocities.jp,Female,82.148.118.127
295,Whittaker,Keigher,wkeigher86@reverbnation.com,Male,29.16.146.56
296,Lissi,Jurkiewicz,ljurkiewicz87@google.com.au,Female,113.188.116.245
297,Vasili,Rame,vrame88@fc2.com,Male,41.245.42.136
298,Lewes,Boxhill,lboxhill89@ucla.edu,Male,195.33.137.70
299,Israel,Triplow,itriplow8a@ehow.com,Male,160.224.136.197
300,Grazia,Klass,gklass8b@tmall.com,Female,157.198.190.214
301,Randa,Corsar,rcorsar8c@sitemeter.com,Female,124.113.218.12
302,Madelon,Dymock,mdymock8d@netlog.com,Female,168.178.145.112
303,Malchy,Antonognoli,mantonognoli8e@tripod.com,Male,221.152.221.118
304,Ivette,Deakins,ideakins8f@mtv.com,Female,112.73.27.96
305,Cello,Kensett,ckensett8g@alibaba.com,Male,201.173.38.158
306,Base,Fontel,bfontel8h@github.com,Male,195.160.43.206
307,Allie,Goadby,agoadby8i@jigsy.com,Male,1.198.131.33
308,Avivah,Garnsworthy,agarnsworthy8j@skyrock.com,Female,218.209.74.241
309,Kristyn,Heikkinen,kheikkinen8k@purevolume.com,Female,212.181.172.141
310,Patsy,Waterman,pwaterman8l@upenn.edu,Female,21.183.231.183
311,Cristabel,Mort,cmort8m@symantec.com,Female,156.135.63.110
312,Heath,Moral,hmoral8n@sciencedaily.com,Female,139.1.49.56
313,Valma,Britt,vbritt8o@lycos.com,Female,80.143.250.210
314,Basile,Toman,btoman8p@dagondesign.com,Male,4.94.201.5
315,Brana,Lagde,blagde8q@omniture.com,Female,98.174.4.192
316,Goldy,Getch,ggetch8r@yelp.com,Female,81.195.120.74
317,Byran,Caswill,bcaswill8s@nationalgeographic.com,Male,248.122.105.212
318,Jewelle,Easterling,jeasterling8t@e-recht24.de,Female,224.180.50.96
319,Gayle,Hizir,ghizir8u@skype.com,Male,235.101.42.146
320,Shanon,Harnett,sharnett8v@ftc.gov,Female,187.68.112.159
321,Budd,Schoales,bschoales8w@bluehost.com,Male,76.195.5.64
322,Padraic,Caplin,pcaplin8x@fotki.com,Male,192.187.115.68
323,Britt,Heiden,bheiden8y@exblog.jp,Female,127.147.9.136
324,Peggi,Kilrow,pkilrow8z@soundcloud.com,Female,20.66.191.49
325,Mathew,People,mpeople90@npr.org,Male,146.49.68.255
326,Broderic,Matuszinski,bmatuszinski91@discovery.com,Male,254.200.75.99
327,Bradan,Slyman,bslyman92@indiatimes.com,Male,69.167.45.252
328,Ottilie,Djokovic,odjokovic93@rakuten.co.jp,Female,117.100.107.29
329,Evelyn,Moxson,emoxson94@ifeng.com,Male,45.249.134.11
330,Chrysa,Peirpoint,cpeirpoint95@guardian.co.uk,Female,5.39.30.235
331,Leila,MacAvddy,lmacavddy96@apache.org,Female,227.105.208.193
332,Phebe,Crichmere,pcrichmere97@mtv.com,Female,99.57.140.212
333,Mame,Swaddle,mswaddle98@auda.org.au,Female,206.27.236.139
334,Sim,Borel,sborel99@domainmarket.com,Male,228.77.209.131
335,Nancee,Kingswood,nkingswood9a@sourceforge.net,Female,237.180.111.152
336,Inna,Gouley,igouley9b@dailymotion.com,Female,189.25.223.151
337,Erik,Porcher,eporcher9c@accuweather.com,Male,232.113.189.61
338,Flemming,Eyer,feyer9d@unicef.org,Male,143.54.141.149
339,Ebony,Watting,ewatting9e@taobao.com,Female,243.27.44.190
340,Jemimah,Jeannard,jjeannard9f@blogger.com,Female,81.56.53.90
341,Alexei,Vigrass,avigrass9g@google.co.uk,Male,93.245.139.106
342,Faina,Everiss,feveriss9h@tmall.com,Female,246.158.94.144
343,Haskell,Capewell,hcapewell9i@canalblog.com,Male,208.43.66.76
344,Fernande,Baynard,fbaynard9j@theatlantic.com,Female,231.7.177.164
345,Neal,Bishell,nbishell9k@phpbb.com,Male,229.239.215.214
346,Ethelred,Kingsley,ekingsley9l@livejournal.com,Male,185.233.48.111
347,Karrah,McCraine,kmccraine9m@mac.com,Female,197.209.60.99
348,Eddi,Yann,eyann9n@marriott.com,Female,121.234.250.127
349,Bronson,Esp,besp9o@delicious.com,Male,205.111.140.31
350,Constance,Sturror,csturror9p@studiopress.com,Female,57.214.212.108
351,Tad,Bussell,tbussell9q@php.net,Male,197.165.145.189
352,Bianka,Arton,barton9r@photobucket.com,Female,81.62.161.184
353,Shandeigh,Sibray,ssibray9s@purevolume.com,Female,44.16.172.203
354,Modesta,Yude,myude9t@twitter.com,Female,243.77.99.249
355,Glenna,Horney,ghorney9u@usda.gov,Female,16.111.250.115
356,Hillel,Jurisic,hjurisic9v@mail.ru,Male,75.183.231.131
357,Dudley,Merrikin,dmerrikin9w@noaa.gov,Male,2.104.171.96
358,Jessalyn,Ivanaev,jivanaev9x@bloomberg.com,Female,91.188.71.17
359,Lory,Tinkham,ltinkham9y@vkontakte.ru,Female,15.172.110.120
360,Estell,Colthard,ecolthard9z@wisc.edu,Female,250.115.182.166
361,Paulie,Le Pine,plepinea0@newyorker.com,Male,4.82.136.12
362,Kelcy,Vickers,kvickersa1@ucsd.edu,Female,31.101.19.131
363,Vivian,Jouannin,vjouannina2@prnewswire.com,Female,55.155.67.11
364,Caspar,Barensen,cbarensena3@hatena.ne.jp,Male,89.104.131.10
365,Marlow,Wanley,mwanleya4@mac.com,Male,42.228.43.127
366,Darill,Peeke,dpeekea5@ask.com,Male,99.142.27.205
367,Elsie,Southcombe,esouthcombea6@tinyurl.com,Female,225.247.26.78
368,Vincenty,Trevaskiss,vtrevaskissa7@paginegialle.it,Male,211.39.128.234
369,Adrea,Lytell,alytella8@addtoany.com,Female,138.66.46.47
370,Shelagh,Tattershall,stattershalla9@ezinearticles.com,Female,194.86.17.60
371,Kort,Wallsworth,kwallsworthaa@youtube.com,Male,53.252.142.210
372,Birch,Cranage,bcranageab@miitbeian.gov.cn,Male,64.120.209.13
373,Leela,McAline,lmcalineac@ucla.edu,Female,130.104.199.243
374,Carrol,Klaffs,cklaffsad@goodreads.com,Male,29.221.24.46
375,Ikey,Broadnicke,ibroadnickeae@auda.org.au,Male,101.236.57.225
376,Adel,Laise,alaiseaf@google.es,Female,122.251.83.128
377,Kacey,Raraty,kraratyag@rambler.ru,Female,59.163.168.12
378,Charmane,Charrette,ccharretteah@fastcompany.com,Female,119.22.71.236
379,Lilli,Zoanetti,lzoanettiai@reddit.com,Female,49.39.111.35
380,Ulrikaumeko,Humblestone,uhumblestoneaj@moonfruit.com,Female,128.7.78.30
381,Joseph,Calderwood,jcalderwoodak@netvibes.com,Male,39.134.165.106
382,Tabbie,Wehnerr,twehnerral@pcworld.com,Male,9.2.56.213
383,Karlie,Arber,karberam@artisteer.com,Female,56.219.122.156
384,Monika,Stickells,mstickellsan@pcworld.com,Female,180.164.10.232
385,Tressa,Markson,tmarksonao@sbwire.com,Female,253.33.15.47
386,Jenilee,Heazel,jheazelap@imdb.com,Female,35.16.75.238
387,Shirlee,O'Lagene,solageneaq@seesaa.net,Female,212.59.195.77
388,Marrissa,Minchindon,mminchindonar@1688.com,Female,63.197.57.154
389,Waneta,Lewcock,wlewcockas@si.edu,Female,8.91.42.224
390,Giffie,Ahlin,gahlinat@jalbum.net,Male,114.3.134.30
391,Conway,Tunnow,ctunnowau@ucoz.com,Male,254.161.197.76
392,Elinore,Olden,eoldenav@com.com,Female,168.10.164.215
393,Cord,Irons,cironsaw@scientificamerican.com,Male,3.119.36.52
394,Felecia,Stygall,fstygallax@mtv.com,Female,72.127.122.109
395,Benoit,Polkinghorne,bpolkinghorneay@sohu.com,Male,227.95.147.213
396,Averil,Hoodspeth,ahoodspethaz@bluehost.com,Male,84.72.246.254
397,Harland,McCaughey,hmccaugheyb0@ted.com,Male,110.79.55.119
398,Freemon,Densie,fdensieb1@yelp.com,Male,66.18.61.108
399,Sibilla,Janway,sjanwayb2@themeforest.net,Female,19.183.220.209
400,Devy,Schiefersten,dschieferstenb3@feedburner.com,Male,26.248.77.129
401,Staffard,Ivanets,sivanetsb4@wikispaces.com,Male,252.73.50.253
402,Cecil,Kenrack,ckenrackb5@godaddy.com,Male,199.9.226.180
403,Dorri,Ardling,dardlingb6@ebay.co.uk,Female,39.139.74.63
404,Alexei,Roget,arogetb7@bigcartel.com,Male,230.57.119.195
405,Perl,Wavish,pwavishb8@europa.eu,Female,73.78.147.117
406,Erich,Langthorne,elangthorneb9@ning.com,Male,243.152.167.8
407,Emmeline,Hayball,ehayballba@acquirethisname.com,Female,167.9.178.187
408,Penni,Matovic,pmatovicbb@123-reg.co.uk,Female,47.76.85.220
409,Fowler,Bonevant,fbonevantbc@squarespace.com,Male,132.36.248.173
410,Roxanna,Doring,rdoringbd@noaa.gov,Female,37.47.170.113
411,Jolene,Daggett,jdaggettbe@ucoz.com,Female,217.240.79.143
412,Judith,Ager,jagerbf@wufoo.com,Female,240.65.146.225
413,Brigham,Thulborn,bthulbornbg@google.co.jp,Male,118.165.43.5
414,Hort,Fiveash,hfiveashbh@slideshare.net,Male,132.252.224.199
415,Herta,Deveril,hdeverilbi@uol.com.br,Female,130.82.31.95
416,Cob,Axell,caxellbj@nps.gov,Male,104.119.3.235
417,Artair,Maskall,amaskallbk@furl.net,Male,189.183.136.121
418,Terri-jo,Watt,twattbl@livejournal.com,Female,210.243.255.189
419,Kim,McDuall,kmcduallbm@indiegogo.com,Male,41.224.252.19
420,Micaela,Tremellier,mtremellierbn@time.com,Female,197.214.111.225
421,Rory,Barmby,rbarmbybo@hao123.com,Female,253.147.19.226
422,El,O'Shiels,eoshielsbp@cdbaby.com,Male,167.253.73.9
423,Davey,Kimbling,dkimblingbq@icio.us,Male,252.78.16.108
424,Care,Chason,cchasonbr@weather.com,Male,88.187.107.27
425,Georgie,Brecknock,gbrecknockbs@army.mil,Male,114.5.219.152
426,Marcos,Ferrieroi,mferrieroibt@tripod.com,Male,112.100.143.57
427,Ruby,MacGinney,rmacginneybu@storify.com,Male,210.186.197.96
428,Sheri,Mitrovic,smitrovicbv@sciencedirect.com,Female,216.173.138.255
429,Merrily,Roxburgh,mroxburghbw@hp.com,Female,23.212.105.212
430,Mathe,O'Hannigan,mohanniganbx@discovery.com,Male,164.98.173.121
431,Marabel,Olman,molmanby@homestead.com,Female,190.190.233.84
432,Joellen,Kitman,jkitmanbz@yelp.com,Female,228.106.117.168
433,Leon,Ebbetts,lebbettsc0@digg.com,Male,143.113.39.172
434,Jenelle,Cullotey,jculloteyc1@statcounter.com,Female,248.163.139.35
435,Taylor,Mulmuray,tmulmurayc2@mashable.com,Male,54.186.47.191
436,Dawn,Scargle,dscarglec3@weibo.com,Female,149.224.185.89
437,Beverlie,Darrel,bdarrelc4@mapy.cz,Female,91.3.167.100
438,Shantee,Brighty,sbrightyc5@domainmarket.com,Female,78.0.33.38
439,Zacharia,Mostyn,zmostync6@rediff.com,Male,126.103.68.166
440,Marjory,Lorrain,mlorrainc7@purevolume.com,Female,125.36.138.133
441,Maybelle,Casely,mcaselyc8@umn.edu,Female,227.133.40.248
442,Elmo,Slinger,eslingerc9@theglobeandmail.com,Male,249.51.138.4
443,Brunhilda,Koop,bkoopca@pinterest.com,Female,130.76.8.223
444,Laraine,Mantle,lmantlecb@timesonline.co.uk,Female,251.173.111.187
445,Natala,Eastgate,neastgatecc@mayoclinic.com,Female,98.185.103.246
446,Kermy,Boldt,kboldtcd@networkadvertising.org,Male,184.85.127.191
447,Carolina,Tawton,ctawtonce@pbs.org,Female,54.125.211.242
448,Corina,Escot,cescotcf@webnode.com,Female,154.165.236.87
449,Samuel,Brettor,sbrettorcg@themeforest.net,Male,23.196.192.52
450,Ameline,Burges,aburgesch@psu.edu,Female,164.185.47.16
451,Golda,Rankcom,grankcomci@cargocollective.com,Female,73.5.49.95
452,Evie,Ranger,erangercj@amazonaws.com,Female,89.226.254.103
453,Mamie,Hallybone,mhallyboneck@walmart.com,Female,133.222.215.156
454,Jan,Jammet,jjammetcl@adobe.com,Female,62.167.26.66
455,Trev,Balaison,tbalaisoncm@patch.com,Male,114.149.214.191
456,Quintina,Scurry,qscurrycn@printfriendly.com,Female,233.194.237.241
457,Lucille,Cowling,lcowlingco@1688.com,Female,25.15.30.152
458,Lion,Ewing,lewingcp@upenn.edu,Male,238.128.1.159
459,Steffane,Custy,scustycq@youtube.com,Female,114.50.220.188
460,Gawen,Edmott,gedmottcr@wiley.com,Male,230.253.37.114
461,Frannie,Bayman,fbaymancs@surveymonkey.com,Female,55.87.43.183
462,Laurent,Whyman,lwhymanct@arizona.edu,Male,210.182.28.194
463,Eugen,Grass,egrasscu@webmd.com,Male,103.74.98.13
464,Chen,Youde,cyoudecv@forbes.com,Male,112.87.254.197
465,Linn,Standingford,lstandingfordcw@cbsnews.com,Male,72.116.73.36
466,Lane,Meuse,lmeusecx@archive.org,Female,91.14.192.148
467,Sherilyn,Sanford,ssanfordcy@tumblr.com,Female,27.19.155.137
468,Debera,Woollends,dwoollendscz@ifeng.com,Female,191.84.89.189
469,Jozef,Kears,jkearsd0@msu.edu,Male,126.204.139.239
470,Midge,Faircley,mfaircleyd1@typepad.com,Female,201.181.126.145
471,Olwen,Snelgar,osnelgard2@ocn.ne.jp,Female,199.158.55.131
472,Irwinn,Cossem,icossemd3@privacy.gov.au,Male,202.50.80.93
473,Joscelin,Shortell,jshortelld4@google.com.au,Female,109.66.45.251
474,Evita,Withers,ewithersd5@house.gov,Female,84.9.249.179
475,Torrence,Curee,tcureed6@amazon.co.jp,Male,90.209.2.248
476,Melony,Spinella,mspinellad7@ft.com,Female,165.120.103.49
477,Ashlen,Alderton,aaldertond8@de.vu,Female,77.217.167.237
478,Broddy,Enrrico,benrricod9@sun.com,Male,16.244.17.3
479,Catina,Labram,clabramda@hibu.com,Female,25.216.246.55
480,Jacinda,Lehrle,jlehrledb@php.net,Female,121.68.39.166
481,Bren,Stubbes,bstubbesdc@sitemeter.com,Female,167.229.228.63
482,Tyson,Darrow,tdarrowdd@tamu.edu,Male,39.182.19.126
483,Billy,Grayham,bgrayhamde@wordpress.org,Male,37.220.228.21
484,Eddy,Kinnar,ekinnardf@apple.com,Male,46.60.193.254
485,Belita,Darwin,bdarwindg@gizmodo.com,Female,9.109.77.165
486,Granny,Cullinane,gcullinanedh@mtv.com,Male,41.40.54.220
487,Annette,Yockley,ayockleydi@aboutads.info,Female,105.22.66.34
488,Fowler,Harewood,fharewooddj@miitbeian.gov.cn,Male,87.77.63.143
489,Artemas,Childes,achildesdk@wp.com,Male,6.198.153.18
490,Horton,Hessing,hhessingdl@bravesites.com,Male,62.114.107.227
491,Joannes,Planke,jplankedm@miibeian.gov.cn,Female,24.184.198.8
492,Sherilyn,Beckhouse,sbeckhousedn@e-recht24.de,Female,135.82.173.45
493,Tamma,Searby,tsearbydo@joomla.org,Female,80.116.238.152
494,Jackson,Kerins,jkerinsdp@sciencedirect.com,Male,109.174.94.10
495,Issie,Dutchburn,idutchburndq@feedburner.com,Female,20.162.134.27
496,Jolee,Hatrey,jhatreydr@ebay.com,Female,217.17.140.243
497,Ola,Crosham,ocroshamds@merriam-webster.com,Female,175.0.166.128
498,Gifford,Josifovic,gjosifovicdt@woothemes.com,Male,207.8.105.35
499,Byram,Shrawley,bshrawleydu@shutterfly.com,Male,221.148.152.189
500,Tremaine,Troup,ttroupdv@mozilla.com,Male,6.6.225.195
501,Alvie,Dankov,adankovdw@printfriendly.com,Male,104.132.0.161
502,Sherwin,Braybrooke,sbraybrookedx@nydailynews.com,Male,248.1.177.126
503,Natty,Gaffon,ngaffondy@t-online.de,Male,210.162.170.233
504,Cassandry,Voules,cvoulesdz@go.com,Female,37.169.135.233
505,Eunice,Gale,egalee0@bigcartel.com,Female,133.204.86.18
506,Lothario,Bellard,lbellarde1@sina.com.cn,Male,59.176.213.25
507,Dimitry,Edler,dedlere2@usa.gov,Male,208.38.136.75
508,Maxim,Ealles,meallese3@surveymonkey.com,Male,53.244.164.186
509,Sonny,Olney,solneye4@elpais.com,Female,143.125.118.19
510,Desmund,Sibbering,dsibberinge5@redcross.org,Male,181.128.236.142
511,Blondell,Cruwys,bcruwyse6@dagondesign.com,Female,157.173.101.33
512,Natalya,Jaffa,njaffae7@marriott.com,Female,209.168.20.236
513,Orville,De'Vere - Hunt,odeverehunte8@simplemachines.org,Male,90.68.254.37
514,Kristal,Calton,kcaltone9@eepurl.com,Female,167.135.14.159
515,Brnaba,Georges,bgeorgesea@amazon.co.jp,Male,66.118.73.51
516,Waldemar,Dundridge,wdundridgeeb@1688.com,Male,94.237.87.75
517,Dario,Sambidge,dsambidgeec@discuz.net,Male,0.120.202.91
518,Ulises,Warsop,uwarsoped@patch.com,Male,169.59.122.88
519,Alexei,Tighe,atigheee@japanpost.jp,Male,64.154.89.174
520,Irvin,Noone,inooneef@behance.net,Male,248.107.147.229
521,Bridget,Kerton,bkertoneg@mozilla.org,Female,73.39.205.252
522,Pattie,Fishley,pfishleyeh@deliciousdays.com,Male,71.64.208.108
523,Tildie,Stoite,tstoiteei@samsung.com,Female,161.48.49.120
524,Charisse,Harrap,charrapej@google.co.jp,Female,76.145.87.110
525,Pincas,Oriel,porielek@photobucket.com,Male,177.28.113.56
526,Lucio,Hunnisett,lhunnisettel@tmall.com,Male,31.186.182.99
527,Raddy,Bransgrove,rbransgroveem@paypal.com,Male,99.59.91.41
528,Karmen,Ceely,kceelyen@geocities.jp,Female,180.31.144.6
529,Slade,Duferie,sduferieeo@washington.edu,Male,63.40.7.180
530,Hill,Jenyns,hjenynsep@merriam-webster.com,Male,234.113.19.41
531,Marissa,Pluthero,mplutheroeq@wired.com,Female,135.135.193.17
532,Cull,Dursley,cdursleyer@yahoo.com,Male,90.230.119.58
533,Ellwood,Lacase,elacasees@phpbb.com,Male,216.37.123.44
534,Glynn,Pohl,gpohlet@w3.org,Male,55.158.3.73
535,Doreen,Bleakley,dbleakleyeu@ebay.com,Female,173.118.161.83
536,Sofia,Icke,sickeev@dyndns.org,Female,79.121.10.190
537,Bartie,Guest,bguestew@csmonitor.com,Male,98.173.73.94
538,Monty,Roulston,mroulstonex@php.net,Male,20.136.81.89
539,Dorie,Coatham,dcoathamey@sciencedirect.com,Female,154.92.159.233
540,Constantine,Clutten,ccluttenez@npr.org,Male,27.86.243.104
541,Geri,Chrstine,gchrstinef0@sohu.com,Male,123.189.116.55
542,Zolly,Yannoni,zyannonif1@163.com,Male,240.144.214.41
543,Isa,Erdely,ierdelyf2@marketwatch.com,Female,55.137.216.210
544,Conrad,Nicklin,cnicklinf3@mozilla.com,Male,9.150.219.244
545,Florian,Tadman,ftadmanf4@artisteer.com,Male,94.208.170.197
546,Sully,Seven,ssevenf5@guardian.co.uk,Male,19.20.160.84
547,Timoteo,Woolhouse,twoolhousef6@ft.com,Male,120.193.133.56
548,Rockie,Pennini,rpenninif7@parallels.com,Male,108.96.147.251
549,Lilian,Banham,lbanhamf8@hao123.com,Female,194.42.210.255
550,Granville,Soigne,gsoignef9@narod.ru,Male,182.163.149.185
551,Cooper,Garbutt,cgarbuttfa@bandcamp.com,Male,210.25.3.138
552,Daniele,Tollerton,dtollertonfb@berkeley.edu,Female,226.253.10.118
553,Adamo,Kelling,akellingfc@indiegogo.com,Male,217.120.255.147
554,Farlee,Phillps,fphillpsfd@istockphoto.com,Male,238.23.44.26
555,Andeee,Hallatt,ahallattfe@google.ca,Female,209.200.159.12
556,Thornton,Morritt,tmorrittff@seattletimes.com,Male,104.250.204.222
557,Lesly,Tarrant,ltarrantfg@umn.edu,Female,162.194.209.27
558,Haskell,Gristock,hgristockfh@about.me,Male,34.241.63.227
559,Alfredo,Orth,aorthfi@fda.gov,Male,68.255.55.196
560,Ermengarde,Mariet,emarietfj@elegantthemes.com,Female,180.129.246.180
561,Tammie,Bodega,tbodegafk@lulu.com,Male,218.251.96.130
562,Charlton,Dressell,cdressellfl@live.com,Male,118.38.8.94
563,Tory,Brayfield,tbrayfieldfm@trellian.com,Female,150.181.97.9
564,Henka,Yushankin,hyushankinfn@ox.ac.uk,Female,13.218.129.249
565,Doralia,Raddin,draddinfo@xrea.com,Female,42.123.81.4
566,Linzy,Morde,lmordefp@over-blog.com,Female,65.17.196.51
567,Babbette,Posnette,bposnettefq@geocities.com,Female,214.62.166.198
568,Denny,Castro,dcastrofr@is.gd,Male,153.214.21.46
569,Larisa,Bullman,lbullmanfs@multiply.com,Female,128.242.52.179
570,Milt,Lighton,mlightonft@tamu.edu,Male,188.101.45.79
571,Torrence,Aitkin,taitkinfu@trellian.com,Male,55.88.201.234
572,Gregorius,Itzkovich,gitzkovichfv@comsenz.com,Male,156.134.71.90
573,Antonino,Benoist,abenoistfw@gov.uk,Male,53.157.204.242
574,Nikolaus,Maingot,nmaingotfx@amazon.com,Male,101.131.24.204
575,Laird,Turtle,lturtlefy@infoseek.co.jp,Male,113.119.152.113
576,Umberto,Convery,uconveryfz@techcrunch.com,Male,231.22.177.193
577,Yvor,Deek,ydeekg0@slate.com,Male,199.181.97.159
578,Erika,Schaffler,eschafflerg1@facebook.com,Female,70.82.28.30
579,Sheffy,Corneil,scorneilg2@cyberchimps.com,Male,218.70.74.105
580,Gay,Lodwig,glodwigg3@who.int,Male,77.116.122.77
581,Gennifer,Curzon,gcurzong4@symantec.com,Female,243.14.202.147
582,Harbert,Rainsdon,hrainsdong5@amazon.de,Male,68.113.220.0
583,Arty,Marlen,amarleng6@accuweather.com,Male,124.20.234.214
584,Consolata,Castanares,ccastanaresg7@netlog.com,Female,216.211.29.23
585,Juli,Rubertis,jrubertisg8@admin.ch,Female,228.120.193.60
586,Rosabel,Feast,rfeastg9@skype.com,Female,28.167.114.98
587,Elayne,Andryunin,eandryuninga@youtu.be,Female,254.157.187.254
588,Tully,Sutter,tsuttergb@woothemes.com,Male,255.210.52.96
589,Land,Gland,lglandgc@phoca.cz,Male,178.166.18.181
590,Casar,Craze,ccrazegd@comcast.net,Male,231.157.136.127
591,Dev,Cawsy,dcawsyge@webs.com,Male,127.52.184.129
592,Ade,Lebourn,alebourngf@parallels.com,Male,171.56.181.38
593,Janessa,Eassom,jeassomgg@artisteer.com,Female,52.213.16.202
594,Brooke,Bantham,bbanthamgh@topsy.com,Female,38.88.25.196
595,Archer,Garnsworth,agarnsworthgi@zdnet.com,Male,95.142.140.116
596,Berkley,Manktelow,bmanktelowgj@bigcartel.com,Male,122.233.120.34
597,Isaak,Ricardon,iricardongk@flavors.me,Male,51.68.60.102
598,Salomon,Leathem,sleathemgl@aboutads.info,Male,30.210.114.33
599,Kimberlyn,Andrichuk,kandrichukgm@noaa.gov,Female,217.216.165.59
600,Arron,Hugonin,ahugoningn@mediafire.com,Male,170.120.65.183
601,Kelsey,Totman,ktotmango@home.pl,Male,155.221.45.50
602,Clovis,Whitty,cwhittygp@flavors.me,Female,19.179.101.131
603,Kirstin,McGaughie,kmcgaughiegq@bbb.org,Female,85.5.255.245
604,Darren,Maestrini,dmaestrinigr@google.cn,Male,248.199.130.24
605,Bartholomeo,Pryke,bprykegs@mac.com,Male,184.171.228.57
606,Chick,Ravenshear,cravensheargt@alibaba.com,Male,33.39.136.17
607,Dame,Mazzey,dmazzeygu@fastcompany.com,Male,217.253.189.238
608,Davidson,Sherebrooke,dsherebrookegv@unicef.org,Male,242.225.38.6
609,Martina,Bartley,mbartleygw@shutterfly.com,Female,214.11.32.8
610,Janna,Perfili,jperfiligx@tamu.edu,Female,5.168.122.144
611,Tyrus,Surgeon,tsurgeongy@hud.gov,Male,137.39.221.137
612,Lucilia,Heater,lheatergz@slideshare.net,Female,73.13.26.60
613,Lizzie,de Chastelain,ldechastelainh0@yolasite.com,Female,228.227.72.209
614,Bastien,Devin,bdevinh1@ibm.com,Male,11.155.213.10
615,Eyde,Balasini,ebalasinih2@cnet.com,Female,211.183.255.95
616,Angelita,Randales,arandalesh3@barnesandnoble.com,Female,209.244.26.203
617,Farlay,Waldram,fwaldramh4@nydailynews.com,Male,223.103.31.5
618,Roosevelt,Warlowe,rwarloweh5@bbb.org,Male,119.112.14.48
619,Estel,Doonican,edoonicanh6@blogs.com,Female,238.183.177.211
620,Klement,Seggie,kseggieh7@google.com.au,Male,188.89.213.167
621,Dian,Deaconson,ddeaconsonh8@uiuc.edu,Female,31.56.254.201
622,Richmond,Foy,rfoyh9@gizmodo.com,Male,141.135.176.129
623,Sylvester,Faunt,sfauntha@senate.gov,Male,71.131.17.50
624,Crissy,Schubart,cschubarthb@163.com,Female,0.219.214.215
625,Mylo,MacKean,mmackeanhc@taobao.com,Male,204.247.53.15
626,Wheeler,Kirk,wkirkhd@deviantart.com,Male,249.51.233.190
627,Martin,Baselli,mbasellihe@tmall.com,Male,163.212.76.209
628,Gale,Mc Gaughey,gmcgaugheyhf@thetimes.co.uk,Female,64.237.193.206
629,Hildagard,Low,hlowhg@seattletimes.com,Female,94.43.81.214
630,Quinn,Schuricke,qschurickehh@oaic.gov.au,Male,103.207.151.10
631,Yank,Seago,yseagohi@springer.com,Male,61.119.126.89
632,Caroline,Fawcitt,cfawcitthj@elpais.com,Female,30.14.0.126
633,Raphaela,Milius,rmiliushk@ifeng.com,Female,194.88.185.26
634,Jilly,Housbey,jhousbeyhl@lycos.com,Female,158.0.3.239
635,Salvatore,Rangall,srangallhm@hostgator.com,Male,36.114.155.150
636,Bria,Gerwood,bgerwoodhn@storify.com,Female,147.163.49.199
637,Jyoti,Darnody,jdarnodyho@seesaa.net,Female,72.238.72.172
638,Joya,Tellenbrok,jtellenbrokhp@umich.edu,Female,142.156.65.173
639,Harmony,MacConnechie,hmacconnechiehq@army.mil,Female,53.102.221.175
640,Krysta,Dulieu,kdulieuhr@wp.com,Female,203.111.30.54
641,Karlotte,Tollady,ktolladyhs@yahoo.co.jp,Female,42.148.31.127
642,Haskell,Robet,hrobetht@hhs.gov,Male,122.68.181.47
643,Pren,Domenge,pdomengehu@mayoclinic.com,Male,213.29.146.100
644,Britta,MacCarter,bmaccarterhv@archive.org,Female,219.201.72.21
645,Aloysius,Sapwell,asapwellhw@drupal.org,Male,152.113.79.73
646,Rikki,Copnall,rcopnallhx@tinypic.com,Female,140.86.131.123
647,Deni,Nunns,dnunnshy@posterous.com,Female,29.151.93.209
648,Jeremy,Brodbin,jbrodbinhz@wikispaces.com,Male,103.228.200.44
649,Stanwood,Maris,smarisi0@naver.com,Male,86.249.57.137
650,Emerson,Benoist,ebenoisti1@technorati.com,Male,14.185.230.228
651,Kaela,Bogie,kbogiei2@bizjournals.com,Female,104.129.36.203
652,Phillie,Ewert,pewerti3@mapy.cz,Female,88.225.187.91
653,Dunc,Dealey,ddealeyi4@freewebs.com,Male,204.41.173.180
654,Durante,Pyrke,dpyrkei5@weather.com,Male,253.207.95.75
655,Ansel,Orrey,aorreyi6@drupal.org,Male,75.135.87.122
656,Carlie,Lougheed,clougheedi7@bloglines.com,Male,81.161.59.64
657,Elliott,Mechi,emechii8@twitter.com,Male,72.221.186.66
658,Marchall,Ziem,mziemi9@go.com,Male,39.19.67.252
659,Erny,Leaton,eleatonia@japanpost.jp,Male,17.181.183.147
660,Ludvig,Bysaker,lbysakerib@over-blog.com,Male,53.90.223.62
661,Cristie,Cawkwell,ccawkwellic@exblog.jp,Female,126.192.101.10
662,Pavel,Rosenstengel,prosenstengelid@globo.com,Male,107.84.252.125
663,Robinia,Ibbeson,ribbesonie@wikia.com,Female,29.70.77.132
664,Marianna,Dinsey,mdinseyif@mapy.cz,Female,106.229.62.245
665,Burch,Brayfield,bbrayfieldig@dagondesign.com,Male,213.201.227.66
666,Danny,Rhyme,drhymeih@ning.com,Male,63.172.237.58
667,Jock,Foxton,jfoxtonii@icq.com,Male,17.241.147.68
668,Yoshi,Dearness,ydearnessij@dell.com,Female,123.142.2.177
669,Adorne,Coatham,acoathamik@elegantthemes.com,Female,167.236.57.107
670,Floria,Van Leeuwen,fvanleeuwenil@washingtonpost.com,Female,185.162.159.213
671,Claiborn,Binne,cbinneim@nationalgeographic.com,Male,140.185.209.76
672,Carolee,Lanney,clanneyin@tumblr.com,Female,105.41.67.84
673,Maximo,Ortsmann,mortsmannio@qq.com,Male,104.214.85.95
674,Wood,Bandey,wbandeyip@diigo.com,Male,160.171.236.174
675,Jolynn,Doag,jdoagiq@ameblo.jp,Female,18.172.186.98
676,Felicity,Munks,fmunksir@netvibes.com,Female,97.82.160.9
677,Abbe,Mapp,amappis@mlb.com,Male,38.19.36.252
678,Erina,Inold,einoldit@feedburner.com,Female,180.55.232.69
679,Emlynne,Chessor,echessoriu@google.co.uk,Female,73.137.44.109
680,Chico,Rustman,crustmaniv@spiegel.de,Male,113.82.190.186
681,Ortensia,Lineen,olineeniw@dailymail.co.uk,Female,6.198.185.166
682,Jacquelyn,Rubes,jrubesix@latimes.com,Female,159.169.89.154
683,Birch,Goulden,bgouldeniy@redcross.org,Male,250.110.110.155
684,Keefer,Gorman,kgormaniz@paypal.com,Male,157.178.51.68
685,Jamima,Woollends,jwoollendsj0@google.com.hk,Female,115.100.125.113
686,Eric,Jozefowicz,ejozefowiczj1@spiegel.de,Male,139.142.128.141
687,Tony,Mynett,tmynettj2@sfgate.com,Female,147.98.24.137
688,Tiphani,Brodnecke,tbrodneckej3@ifeng.com,Female,153.54.111.115
689,Paulina,Jirik,pjirikj4@rediff.com,Female,40.90.61.128
690,Sampson,Glandon,sglandonj5@ameblo.jp,Male,236.53.208.200
691,Drake,Yakunkin,dyakunkinj6@comcast.net,Male,56.42.0.21
692,Leonerd,McCoughan,lmccoughanj7@si.edu,Male,27.103.1.24
693,Elenore,Sedgemond,esedgemondj8@cbc.ca,Female,206.212.246.21
694,Jo-ann,Arnoult,jarnoultj9@yale.edu,Female,187.204.204.71
695,Nancey,Rame,nrameja@dagondesign.com,Female,52.63.214.149
696,Broddy,Bompas,bbompasjb@skype.com,Male,158.157.95.243
697,Saunders,Beachem,sbeachemjc@networksolutions.com,Male,239.227.15.221
698,Vincents,Mandre,vmandrejd@columbia.edu,Male,32.216.17.13
699,Munroe,Swett,mswettje@google.com.br,Male,212.9.234.40
700,Rickie,Worthington,rworthingtonjf@g.co,Female,28.95.174.185
701,Cora,Shelton,csheltonjg@reference.com,Female,34.248.210.197
702,Creighton,Klee,ckleejh@homestead.com,Male,122.108.61.213
703,Armando,Zanitti,azanittiji@netscape.com,Male,9.23.90.29
704,Robinett,Brendeke,rbrendekejj@instagram.com,Female,124.66.79.254
705,Colman,Novello,cnovellojk@mediafire.com,Male,211.198.106.68
706,Clair,Gurnett,cgurnettjl@bloglovin.com,Female,193.41.87.73
707,Claudine,Sudlow,csudlowjm@tinypic.com,Female,244.41.115.207
708,Marten,Janik,mjanikjn@nature.com,Male,171.228.193.247
709,Rustin,Elward,relwardjo@wufoo.com,Male,193.27.58.8
710,Adara,Beccera,abeccerajp@angelfire.com,Female,58.187.11.24
711,Morgana,Razzell,mrazzelljq@mapy.cz,Female,8.227.77.186
712,Averil,Leftridge,aleftridgejr@soup.io,Male,103.146.111.58
713,Wayland,Tibbetts,wtibbettsjs@google.com.hk,Male,46.100.137.216
714,Mozelle,Mucci,mmuccijt@wunderground.com,Female,128.19.187.138
715,Rosabella,Greasley,rgreasleyju@aol.com,Female,227.54.32.70
716,Jo-ann,Derham,jderhamjv@fda.gov,Female,36.236.122.35
717,Min,Blayney,mblayneyjw@furl.net,Female,122.119.145.100
718,Allsun,Fitkin,afitkinjx@japanpost.jp,Female,92.16.14.171
719,Bartram,Hinckesman,bhinckesmanjy@yahoo.co.jp,Male,74.45.49.130
720,Jennine,Waylen,jwaylenjz@uiuc.edu,Female,56.230.255.15
721,Pennie,Kuscha,pkuschak0@cafepress.com,Female,26.107.181.107
722,Mala,Elstone,melstonek1@meetup.com,Female,23.80.147.130
723,Bern,D'Alessandro,bdalessandrok2@delicious.com,Male,141.209.128.196
724,Bronnie,Knappitt,bknappittk3@ifeng.com,Male,29.213.169.27
725,Sybil,Benedict,sbenedictk4@qq.com,Female,151.155.186.97
726,Bentlee,McGunley,bmcgunleyk5@skyrock.com,Male,125.11.69.52
727,Randi,Jacqueminot,rjacqueminotk6@google.pl,Female,194.240.109.67
728,Nicol,Kitcat,nkitcatk7@sitemeter.com,Male,133.2.38.129
729,Ebeneser,Lornsen,elornsenk8@boston.com,Male,15.206.80.61
730,Loralyn,McGrorty,lmcgrortyk9@webeden.co.uk,Female,63.32.211.197
731,Donall,Danbury,ddanburyka@is.gd,Male,7.104.92.83
732,Julianne,Malamore,jmalamorekb@noaa.gov,Female,138.82.15.199
733,Josiah,Dorbin,jdorbinkc@themeforest.net,Male,248.27.49.46
734,Hurlee,Weild,hweildkd@senate.gov,Male,202.232.244.66
735,Georgine,Klich,gklichke@huffingtonpost.com,Female,141.88.197.11
736,Rourke,Hainge,rhaingekf@google.cn,Male,30.170.219.220
737,Waylon,Pietrowski,wpietrowskikg@google.fr,Male,181.162.127.196
738,Andrew,Revan,arevankh@cbc.ca,Male,38.245.254.253
739,Giulio,Bachmann,gbachmannki@wikimedia.org,Male,245.98.229.123
740,Arvin,Coweuppe,acoweuppekj@ca.gov,Male,216.141.38.84
741,Julius,Bezant,jbezantkk@gizmodo.com,Male,146.125.64.83
742,Odessa,Pacher,opacherkl@dailymotion.com,Female,122.36.126.248
743,Arabel,Smalls,asmallskm@weibo.com,Female,72.209.86.219
744,Arlan,Vanns,avannskn@merriam-webster.com,Male,59.180.236.12
745,Justine,Channer,jchannerko@parallels.com,Female,239.50.189.92
746,Waring,Mountjoy,wmountjoykp@wiley.com,Male,26.183.181.63
747,Andee,Maharg,amahargkq@techcrunch.com,Female,179.81.192.77
748,Lavinia,Van der Kruijs,lvanderkruijskr@seesaa.net,Female,68.190.63.156
749,Cad,Tenman,ctenmanks@columbia.edu,Male,169.173.125.74
750,Fina,Padden,fpaddenkt@microsoft.com,Female,155.163.103.163
751,Rose,Bitterton,rbittertonku@dropbox.com,Female,154.6.39.207
752,Ertha,Inman,einmankv@sogou.com,Female,13.16.29.101
753,Andros,Balaison,abalaisonkw@mlb.com,Male,159.17.23.32
754,Antony,Mingardi,amingardikx@loc.gov,Male,208.15.67.213
755,Bruce,Fawdry,bfawdryky@1und1.de,Male,169.250.230.131
756,Kurtis,Hookes,khookeskz@cloudflare.com,Male,220.213.31.242
757,Kendell,Twidale,ktwidalel0@domainmarket.com,Male,180.246.55.186
758,Kacey,Rains,krainsl1@harvard.edu,Female,3.160.166.73
759,Carmel,Itscowics,citscowicsl2@comsenz.com,Female,201.176.18.199
760,Boony,Crosoer,bcrosoerl3@stanford.edu,Male,38.202.147.15
761,Claresta,Mapplethorpe,cmapplethorpel4@mayoclinic.com,Female,109.191.176.72
762,Torrin,Drackford,tdrackfordl5@ucoz.com,Male,116.130.108.76
763,Obie,Sandever,osandeverl6@amazonaws.com,Male,164.117.92.205
764,Sargent,Siemons,ssiemonsl7@mapquest.com,Male,189.132.105.2
765,Cynthea,Sanpher,csanpherl8@delicious.com,Female,52.138.157.38
766,Noel,Crummie,ncrummiel9@ask.com,Male,28.13.147.209
767,Annabell,Fessler,afesslerla@meetup.com,Female,170.117.229.41
768,Reese,Dyball,rdyballlb@sohu.com,Male,202.112.152.123
769,Rose,Hargreves,rhargreveslc@rediff.com,Female,197.24.197.43
770,Dynah,Howden,dhowdenld@github.io,Female,230.84.38.221
771,Zedekiah,Beavers,zbeaversle@nih.gov,Male,15.42.53.55
772,Luciano,Painten,lpaintenlf@deliciousdays.com,Male,191.5.207.245
773,Brinn,Chittenden,bchittendenlg@sciencedirect.com,Female,3.160.176.65
774,Lian,Helis,lhelislh@weibo.com,Female,11.132.236.163
775,Max,Janse,mjanseli@chronoengine.com,Male,89.137.40.110
776,Iosep,Stears,istearslj@mozilla.org,Male,150.225.197.220
777,Sancho,Leet,sleetlk@house.gov,Male,65.78.154.74
778,Emmi,Imos,eimosll@techcrunch.com,Female,231.140.119.209
779,Orelie,Wyllt,owylltlm@miitbeian.gov.cn,Female,141.67.38.37
780,Shelley,Lydall,slydallln@intel.com,Male,150.206.104.85
781,Wendell,Juzek,wjuzeklo@google.ru,Male,161.186.80.215
782,Quintin,Munn,qmunnlp@cnbc.com,Male,80.82.50.130
783,Waylan,Dannel,wdannellq@moonfruit.com,Male,49.132.175.255
784,Alonso,Riseam,ariseamlr@deviantart.com,Male,15.90.223.130
785,Humfrid,Rosenstock,hrosenstockls@wikispaces.com,Male,56.198.84.10
786,Aileen,Sharma,asharmalt@reference.com,Female,19.226.105.243
787,Jocelin,Lusted,jlustedlu@techcrunch.com,Female,204.19.239.143
788,Bondie,Luberti,blubertilv@skyrock.com,Male,147.76.172.174
789,Donaugh,Moretto,dmorettolw@ebay.com,Male,78.73.12.10
790,Norah,Ingree,ningreelx@springer.com,Female,228.212.28.132
791,Hillie,Merriott,hmerriottly@fastcompany.com,Male,32.20.179.201
792,Elsa,Sauvain,esauvainlz@wikipedia.org,Female,131.255.140.109
793,Annadiane,Kilfedder,akilfedderm0@woothemes.com,Female,164.221.230.119
794,Tani,Chatel,tchatelm1@creativecommons.org,Female,79.250.224.187
795,Danica,Fetter,dfetterm2@fastcompany.com,Female,37.62.99.58
796,Candy,Power,cpowerm3@4shared.com,Female,137.95.21.105
797,Clarance,Elce,celcem4@uol.com.br,Male,167.80.249.50
798,Charo,Tenby,ctenbym5@vimeo.com,Female,49.185.107.138
799,Aile,Marrable,amarrablem6@ifeng.com,Female,45.56.153.91
800,Enrika,Caslake,ecaslakem7@yahoo.co.jp,Female,100.34.245.230
801,Jeffrey,Clubley,jclubleym8@unicef.org,Male,183.126.61.186
802,Sophey,Berndtsson,sberndtssonm9@reuters.com,Female,250.45.115.46
803,Erik,Clearie,ecleariema@about.me,Male,3.4.172.32
804,Andreas,Gilkes,agilkesmb@fda.gov,Male,165.162.201.107
805,Robinet,Gowdridge,rgowdridgemc@infoseek.co.jp,Male,53.211.171.5
806,Nick,Gosland,ngoslandmd@ebay.co.uk,Male,219.73.9.28
807,Isaak,Crawford,icrawfordme@google.nl,Male,185.37.181.161
808,Rora,Gudde,rguddemf@linkedin.com,Female,200.246.154.249
809,Aleksandr,Marcam,amarcammg@exblog.jp,Male,128.27.114.141
810,Petra,Dormand,pdormandmh@uol.com.br,Female,161.121.63.145
811,Haily,Lilburn,hlilburnmi@engadget.com,Male,245.255.29.232
812,Tomaso,Roskelley,troskelleymj@google.de,Male,231.108.116.84
813,Georgy,Gotcher,ggotchermk@cnn.com,Male,240.105.89.201
814,Gail,Stempe,gstempeml@ebay.com,Female,197.235.248.218
815,Letizia,Mengue,lmenguemm@typepad.com,Female,15.157.98.64
816,Celia,Masters,cmastersmn@icio.us,Female,21.153.53.83
817,Alister,Wontner,awontnermo@howstuffworks.com,Male,234.75.194.116
818,Allistir,Wardington,awardingtonmp@github.com,Male,12.13.150.156
819,Laureen,Callister,lcallistermq@soundcloud.com,Female,171.108.165.229
820,Elias,Olyff,eolyffmr@is.gd,Male,76.25.112.95
821,Federico,Barefoot,fbarefootms@goodreads.com,Male,43.246.81.254
822,Rudolfo,Reynault,rreynaultmt@reddit.com,Male,40.255.223.218
823,Arda,Batten,abattenmu@dropbox.com,Female,66.159.130.100
824,Gianna,Gleeton,ggleetonmv@tinyurl.com,Female,6.106.78.116
825,Reggis,Hardie,rhardiemw@netscape.com,Male,86.206.140.61
826,Anthea,Mattys,amattysmx@flavors.me,Female,152.139.184.105
827,Nickolaus,Pimlott,npimlottmy@bigcartel.com,Male,217.54.233.233
828,Orville,Willshaw,owillshawmz@dedecms.com,Male,249.149.149.17
829,Jayson,Linnell,jlinnelln0@slideshare.net,Male,145.82.90.252
830,Tamara,Pedrazzi,tpedrazzin1@ca.gov,Female,197.231.2.114
831,Keith,Duker,kdukern2@nba.com,Male,184.23.82.220
832,Carolyne,Core,ccoren3@disqus.com,Female,157.168.30.218
833,Mina,Perse,mpersen4@typepad.com,Female,36.36.230.60
834,Nicolas,Geggus,ngeggusn5@rakuten.co.jp,Male,31.205.72.82
835,Clari,Brundill,cbrundilln6@tripadvisor.com,Female,212.115.181.106
836,Maure,Sheriff,msheriffn7@drupal.org,Female,218.243.197.114
837,Ann,Bootland,abootlandn8@seesaa.net,Female,112.243.51.84
838,Ulrikaumeko,Byron,ubyronn9@utexas.edu,Female,104.85.251.195
839,Bogart,Feldharker,bfeldharkerna@icio.us,Male,234.160.163.208
840,Vanna,Bromhead,vbromheadnb@craigslist.org,Female,89.97.38.0
841,Hayes,Boater,hboaternc@liveinternet.ru,Male,81.246.210.161
842,Ashly,Roch,arochnd@nature.com,Female,58.12.105.24
843,Grata,Abercromby,gabercrombyne@sakura.ne.jp,Female,40.171.71.202
844,Lorenzo,Woodsford,lwoodsfordnf@blogs.com,Male,209.33.68.114
845,Annelise,Brosnan,abrosnanng@google.co.jp,Female,61.169.28.251
846,Jenifer,Rubinek,jrubineknh@barnesandnoble.com,Female,225.57.88.252
847,Dena,Keyden,dkeydenni@patch.com,Female,72.6.58.211
848,Sharia,Kayser,skaysernj@wp.com,Female,120.169.115.203
849,Orin,Slessar,oslessarnk@mashable.com,Male,128.30.114.177
850,Yank,Tevelov,ytevelovnl@apple.com,Male,232.211.88.253
851,Frederick,Robard,frobardnm@amazon.co.jp,Male,152.39.154.172
852,Sari,Keysel,skeyselnn@springer.com,Female,61.199.217.174
853,Joceline,Hegden,jhegdenno@acquirethisname.com,Female,248.51.106.246
854,Wallie,Itshak,witshaknp@linkedin.com,Male,153.180.153.127
855,Tarrance,Docksey,tdockseynq@washington.edu,Male,59.141.217.58
856,Mitchell,Currell,mcurrellnr@instagram.com,Male,254.55.17.132
857,Amara,Conti,acontins@about.com,Female,84.216.101.190
858,Burnard,Hatwell,bhatwellnt@chron.com,Male,91.216.216.181
859,Cammi,McEnhill,cmcenhillnu@google.co.jp,Female,73.207.235.103
860,Phaidra,Ortner,portnernv@skyrock.com,Female,58.179.208.105
861,Alina,Anthoney,aanthoneynw@dedecms.com,Female,228.136.143.223
862,Michel,Ceillier,mceilliernx@exblog.jp,Male,175.253.139.35
863,Cornall,Eccott,ceccottny@senate.gov,Male,103.241.10.51
864,Tove,Claydon,tclaydonnz@twitter.com,Female,59.8.74.39
865,Ronnie,Pavy,rpavyo0@jiathis.com,Male,19.42.67.47
866,Pavel,Goodrich,pgoodricho1@prnewswire.com,Male,120.94.62.80
867,Pearline,Le febre,plefebreo2@fema.gov,Female,184.213.208.87
868,Henrietta,Hazart,hhazarto3@jiathis.com,Female,91.161.150.229
869,Adrian,Regitz,aregitzo4@example.com,Male,62.192.158.208
870,Chance,Bertolin,cbertolino5@de.vu,Male,182.40.149.132
871,Melvin,Honatsch,mhonatscho6@booking.com,Male,155.235.47.203
872,Inigo,Tebald,itebaldo7@admin.ch,Male,56.164.48.34
873,Lilas,MacCarter,lmaccartero8@statcounter.com,Female,202.176.158.216
874,Malina,Elster,melstero9@alexa.com,Female,114.78.20.14
875,Roi,Smidmor,rsmidmoroa@1und1.de,Male,66.194.30.201
876,Gaby,Petrovic,gpetrovicob@ucla.edu,Female,185.2.151.139
877,Elvis,Conti,econtioc@networkadvertising.org,Male,1.82.177.45
878,Virginie,Chong,vchongod@tamu.edu,Female,16.178.14.63
879,Gilda,Gwilt,ggwiltoe@ibm.com,Female,85.161.58.49
880,Adena,Freeborn,afreebornof@mysql.com,Female,200.247.4.149
881,Zorana,Roocroft,zroocroftog@hhs.gov,Female,239.43.7.242
882,Horst,Bounde,hboundeoh@yale.edu,Male,135.101.167.255
883,Gwynne,Bolan,gbolanoi@drupal.org,Female,180.234.143.143
884,Corella,Napier,cnapieroj@bizjournals.com,Female,19.169.32.167
885,Vern,Asprey,vaspreyok@nyu.edu,Male,77.38.15.112
886,Ermentrude,St Ange,estangeol@businessinsider.com,Female,229.58.40.189
887,Katharyn,Boakes,kboakesom@i2i.jp,Female,241.47.226.26
888,August,Bray,abrayon@storify.com,Male,235.236.199.38
889,Woody,Lohrensen,wlohrensenoo@sourceforge.net,Male,95.75.218.9
890,Clarke,Worsfield,cworsfieldop@fastcompany.com,Male,248.29.213.89
891,Christoper,Haigh,chaighoq@dropbox.com,Male,130.34.125.123
892,Magnum,Caroli,mcarolior@w3.org,Male,105.155.178.57
893,Cybill,Hawkins,chawkinsos@yelp.com,Female,102.233.21.78
894,Riannon,Bohan,rbohanot@shinystat.com,Female,190.145.17.73
895,Rafe,Fellis,rfellisou@redcross.org,Male,203.108.43.167
896,Addi,Blyth,ablythov@cdc.gov,Female,22.217.192.195
897,Maureene,Ayshford,mayshfordow@cnbc.com,Female,204.73.133.71
898,Aimil,Scriver,ascriverox@virginia.edu,Female,182.18.154.76
899,Devina,Campsall,dcampsalloy@ucsd.edu,Female,189.186.92.164
900,Mathilda,Birrel,mbirreloz@nature.com,Female,228.56.74.136
901,Judye,Bridgeman,jbridgemanp0@quantcast.com,Female,236.45.45.181
902,Lory,Woodcroft,lwoodcroftp1@posterous.com,Female,7.22.247.174
903,Matthieu,Kembrey,mkembreyp2@bloglines.com,Male,66.61.225.54
904,Leyla,Tonbridge,ltonbridgep3@theglobeandmail.com,Female,155.196.77.72
905,Burt,Humberston,bhumberstonp4@marketwatch.com,Male,66.187.90.120
906,Darnell,Archanbault,darchanbaultp5@upenn.edu,Male,170.42.74.223
907,Kayne,Semorad,ksemoradp6@google.it,Male,8.237.198.19
908,Justino,Agnolo,jagnolop7@noaa.gov,Male,104.59.83.77
909,Ciro,Woodley,cwoodleyp8@hibu.com,Male,85.236.107.73
910,Dorolisa,Brocklebank,dbrocklebankp9@plala.or.jp,Female,108.112.103.94
911,Sascha,Grahl,sgrahlpa@blogspot.com,Male,255.216.4.222
912,Cliff,Winterflood,cwinterfloodpb@slashdot.org,Male,163.208.27.67
913,Wayland,Batters,wbatterspc@homestead.com,Male,38.189.81.45
914,Estrella,Fortnon,efortnonpd@elegantthemes.com,Female,24.83.137.231
915,Starla,Swainson,sswainsonpe@ow.ly,Female,131.31.36.129
916,Krisha,de Cullip,kdecullippf@stumbleupon.com,Male,53.35.148.39
917,Giacomo,Twining,gtwiningpg@discovery.com,Male,207.61.226.165
918,Bobbie,Carnegy,bcarnegyph@networkadvertising.org,Female,232.58.119.90
919,Demetri,Tulk,dtulkpi@adobe.com,Male,171.40.223.78
920,Amby,Terron,aterronpj@oakley.com,Male,75.203.237.100
921,Stanfield,Woodcraft,swoodcraftpk@feedburner.com,Male,145.194.30.148
922,Gladi,Bayley,gbayleypl@furl.net,Female,236.77.112.52
923,Ophelie,Mc Meekin,omcmeekinpm@china.com.cn,Female,4.166.223.61
924,Hebert,Toke,htokepn@moonfruit.com,Male,43.167.114.141
925,Sherman,Jack,sjackpo@qq.com,Male,197.35.48.91
926,Noellyn,Faulkes,nfaulkespp@feedburner.com,Female,235.134.165.96
927,Ara,Greenside,agreensidepq@adobe.com,Male,132.207.24.127
928,Roma,Kulvear,rkulvearpr@yellowpages.com,Male,67.83.220.226
929,Emma,Sandal,esandalps@ifeng.com,Female,127.177.69.7
930,Zerk,Gimblet,zgimbletpt@photobucket.com,Male,123.253.163.187
931,Raynor,Jobling,rjoblingpu@delicious.com,Male,148.37.162.37
932,Ashla,Tombs,atombspv@auda.org.au,Female,111.119.141.9
933,Pammy,Levey,pleveypw@army.mil,Female,130.67.242.49
934,Tracey,Bessant,tbessantpx@altervista.org,Male,49.17.219.104
935,Brynne,Westwell,bwestwellpy@chronoengine.com,Female,103.227.81.8
936,Imogene,Simkovich,isimkovichpz@google.de,Female,197.129.133.149
937,Pia,Petrol,ppetrolq0@woothemes.com,Female,203.73.54.94
938,Cathrin,Risbie,crisbieq1@buzzfeed.com,Female,192.175.22.148
939,Merla,O'Leahy,moleahyq2@smugmug.com,Female,83.7.104.24
940,Zachery,Ramsdale,zramsdaleq3@ihg.com,Male,223.199.81.151
941,Cordie,Midgely,cmidgelyq4@craigslist.org,Male,8.37.247.50
942,Allard,Bullough,abulloughq5@apple.com,Male,23.39.35.229
943,Maire,Corain,mcorainq6@issuu.com,Female,196.134.21.37
944,Pepito,Middup,pmiddupq7@mediafire.com,Male,178.184.196.124
945,Gaultiero,Muzzollo,gmuzzolloq8@paypal.com,Male,92.243.139.199
946,Gonzalo,Barnwill,gbarnwillq9@myspace.com,Male,7.139.97.75
947,Adrienne,Sharply,asharplyqa@go.com,Female,77.218.159.192
948,Cord,Wauchope,cwauchopeqb@ucoz.com,Male,24.26.80.244
949,Kellsie,Cooper,kcooperqc@gizmodo.com,Female,211.9.150.52
950,Guglielmo,Bott,gbottqd@mail.ru,Male,182.129.123.197
951,Jim,Venturoli,jventuroliqe@yolasite.com,Male,72.251.52.138
952,Elizabeth,Trank,etrankqf@symantec.com,Female,79.112.172.38
953,Stavros,Phelan,sphelanqg@phoca.cz,Male,91.193.59.1
954,Harbert,Geertsen,hgeertsenqh@nationalgeographic.com,Male,5.242.255.72
955,Josh,Andric,jandricqi@bloomberg.com,Male,234.250.183.223
956,Oswald,Gunthorpe,ogunthorpeqj@ebay.com,Male,224.205.151.99
957,Charlot,Drinkall,cdrinkallqk@noaa.gov,Female,143.195.85.93
958,Barnebas,Legrand,blegrandql@t.co,Male,80.85.48.3
959,Ilka,Twelftree,itwelftreeqm@ed.gov,Female,175.217.59.2
960,Tome,Kilvington,tkilvingtonqn@fda.gov,Male,152.197.48.188
961,Aeriela,McIsaac,amcisaacqo@cloudflare.com,Female,157.98.105.149
962,Danielle,Kettell,dkettellqp@soundcloud.com,Female,192.120.66.151
963,Bourke,Trubshaw,btrubshawqq@wikipedia.org,Male,70.82.158.42
964,Glenn,Spitaro,gspitaroqr@g.co,Female,98.194.96.131
965,Octavia,Voelker,ovoelkerqs@tiny.cc,Female,253.129.144.249
966,Ailbert,Marquet,amarquetqt@ihg.com,Male,27.65.58.176
967,Perla,Gravells,pgravellsqu@alibaba.com,Female,79.223.114.241
968,Wait,Poe,wpoeqv@blogs.com,Male,102.210.116.48
969,Lonnie,Casarili,lcasariliqw@parallels.com,Male,245.45.43.241
970,Katti,Samweyes,ksamweyesqx@360.cn,Female,202.10.129.183
971,Honey,Diggens,hdiggensqy@cam.ac.uk,Female,118.185.145.55
972,Fey,Kennedy,fkennedyqz@dyndns.org,Female,171.232.220.227
973,Giorgia,Tween,gtweenr0@reuters.com,Female,31.103.110.59
974,Matthaeus,Bridgen,mbridgenr1@vinaora.com,Male,50.239.134.57
975,Bobbee,Pakes,bpakesr2@icio.us,Female,216.113.24.33
976,Vidovic,Scardifeild,vscardifeildr3@goo.gl,Male,152.145.50.240
977,Boris,Ridewood,bridewoodr4@dagondesign.com,Male,113.105.184.26
978,Keely,Bannard,kbannardr5@unesco.org,Female,123.13.176.137
979,Luce,Dallicott,ldallicottr6@sun.com,Male,124.12.0.195
980,Virgie,Stallen,vstallenr7@ucoz.com,Female,52.111.153.84
981,Olivia,Emeline,oemeliner8@amazon.com,Female,97.197.44.188
982,Mal,Gammill,mgammillr9@google.nl,Male,165.113.18.65
983,Gigi,Peery,gpeeryra@gov.uk,Female,56.170.4.153
984,Bliss,Tebbet,btebbetrb@infoseek.co.jp,Female,137.145.134.24
985,Dominic,Denning,ddenningrc@biglobe.ne.jp,Male,154.100.156.52
986,Dorthea,Antosik,dantosikrd@epa.gov,Female,1.133.51.26
987,Madison,Calyton,mcalytonre@google.ru,Male,116.235.43.34
988,Inglis,Rape,iraperf@wix.com,Male,180.179.165.8
989,Corie,Critchell,ccritchellrg@cnet.com,Female,222.68.92.254
990,Quent,Lafond,qlafondrh@networksolutions.com,Male,79.83.6.107
991,Ailis,Aleksankov,aaleksankovri@mlb.com,Female,81.175.221.59
992,Electra,Ianinotti,eianinottirj@discuz.net,Female,32.131.212.20
993,Theodora,De Hooch,tdehoochrk@quantcast.com,Female,46.111.183.92
994,Libby,Sendley,lsendleyrl@sogou.com,Female,149.105.153.98
995,Birdie,O' Connell,boconnellrm@artisteer.com,Female,54.235.190.140
996,Yul,Dulake,ydulakern@earthlink.net,Male,162.252.48.9
997,Susanne,Morrow,smorrowro@ycombinator.com,Female,126.232.120.151
998,Pamella,Gilbert,pgilbertrp@huffingtonpost.com,Female,131.156.22.141
999,Adolf,Eard,aeardrq@mit.edu,Male,85.77.71.232
1000,Salvatore,Kuhnel,skuhnelrr@dagondesign.com,Male,64.41.235.155
